Date,Generated At,Ticker,Company,Status,Method,Data Quality,Current Price,Current TTM EPS,Current TTM PE,Historical EPS Reports Used,PE_90D_Count,PE_90D_Min,PE_90D_Max,PE_90D_Mean,PE_90D_Median,PE_90D_Std,PE_90D_P10,PE_90D_P90,PE_90D_Current_ZScore,PE_90D_Current_Percentile,Value_90D_Min,Value_90D_Max,Value_90D_Mean,Value_90D_Lower_1Std,Value_90D_Upper_1Std,Value_90D_P10,Value_90D_P90,PE_180D_Count,PE_180D_Min,PE_180D_Max,PE_180D_Mean,PE_180D_Median,PE_180D_Std,PE_180D_P10,PE_180D_P90,PE_180D_Current_ZScore,PE_180D_Current_Percentile,Value_180D_Min,Value_180D_Max,Value_180D_Mean,Value_180D_Lower_1Std,Value_180D_Upper_1Std,Value_180D_P10,Value_180D_P90
2026-06-06,2026-06-06 01:09:28,AAPL,Apple Inc.,OK,SEC point-in-time,High,307.34,8.27,37.16324,67,63,31.218987959849684,38.15980777324834,34.221483795090585,33.91525601070672,2.063192221013672,31.837975224362147,37.375545178429554,1.4258274992254945,0.8571428571428571,258.1810304279569,315.58161028476377,283.0116709853991,265.9490713176161,300.07427065318217,263.30005510547494,309.0957586256124,124,31.218987959849684,38.15980777324834,34.54245963852536,34.49936878832081,1.8052080596225475,32.14202455931072,37.19241090054221,1.4517885334627991,0.8951612903225806,258.1810304279569,315.58161028476377,285.6661412106047,270.7370705575262,300.5952118636832,265.81454310549964,307.5812381474841
2026-06-06,2026-06-06 01:09:28,AMD,"Advanced Micro Devices, Inc.",OK,SEC point-in-time,High,466.38,2.98,156.50336,63,63,72.9773582602447,177.87541623975412,115.08458634377652,114.513204322671,34.073076404541546,76.02339719376475,164.66229948450308,1.2155865576817368,0.873015873015873,217.4725276155292,530.0687403944672,342.95206730445403,241.4142996189202,444.4898349899879,226.54972363741896,490.6936524638192,124,72.05660262197819,177.87541623975412,106.83541842114812,105.3177330881504,28.452645564487334,75.520375377727,147.4318057200948,1.745635268477249,0.935483870967742,214.728675813495,530.0687403944672,318.3695468950214,233.5806631128492,403.1584306771937,225.05071862562647,439.3467810458824
2026-06-06,2026-06-06 01:09:28,AMZN,"Amazon.com, Inc.",OK,SEC point-in-time,High,246.03,7.77,31.664093,67,63,27.80195206944081,36.818687619857045,31.68480333699108,31.70574133476002,2.3501579106631776,29.0610881895866,34.92747542249608,-0.0088123172052024,0.4603174603174603,216.0211675795551,286.08120280628924,246.1909219284207,227.93019496256775,264.4516488942736,225.80465523308789,271.38648403279456,124,27.72524313614126,36.818687619857045,31.71329843171316,32.0098866177144,2.2424525146366534,28.95104529302323,34.709065968022685,-0.0219426861402804,0.4274193548387097,215.4251391678176,286.08120280628924,246.4123288144112,228.9884727756844,263.836184853138,224.94962192679048,269.68944257153623
2026-06-06,2026-06-06 01:09:28,AVGO,Broadcom Inc.,OK,SEC point-in-time,High,385.73,6.02,64.07475,33,63,57.19493248774063,93.87329577470152,74.91719886917585,78.39571411846676,9.711013572373496,61.29707440530581,83.47290277016327,-1.1165105257417347,0.2539682539682539,344.31349357619854,565.1172405637031,451.0015371924386,392.5412354867501,509.46183889812704,369.00838791994096,502.5068746763829,116,57.19493248774063,93.87329577470152,72.7265189141975,71.83857403961119,7.694561292849456,62.49025281642149,82.3986358345136,-1.1244005453875037,0.1379310344827586,344.31349357619854,565.1172405637031,437.8136438634689,391.4923848805152,484.1349028464226,376.19132195485736,496.03978772377184
2026-06-06,2026-06-06 01:09:28,GOOG,Alphabet Inc.,OK,SEC point-in-time,High,365.76,13.09,27.94194,37,63,25.267346405960915,32.24051702254134,29.03515793312945,29.20629058470889,1.6043751734635965,27.152265814949228,31.19926064462159,-0.6813979368487536,0.238095238095238,330.7495644540284,422.0283678250661,380.07021734466457,359.0689463240261,401.071488365303,355.4231595176854,408.3983218380966,124,25.267346405960915,34.04738340537852,29.89051020637544,29.515522499133382,1.920880039883152,27.646531238255957,32.6446195792587,-1.0144153543778676,0.1370967741935483,330.7495644540284,445.6802487764048,391.26677860145446,366.12245887938406,416.4110983235249,361.8930939087704,427.3180702924964
2026-06-06,2026-06-06 01:09:28,META,"Meta Platforms, Inc.",OK,SEC point-in-time,High,593.0,27.52,21.547964,55,63,21.563636363636363,29.31247287326389,24.81354057111685,24.455513919653303,2.5999536353374006,21.99927334872159,28.57616075407753,-1.2560133868283654,0.0,593.4312727272727,806.6792534722222,682.8686365171357,611.3179124726504,754.4193605616209,605.4200025568182,786.4159439522136,124,21.563636363636363,31.430821522290067,26.666684976569424,27.62856513908844,2.723870427428682,22.2054541015625,29.356318683021712,-1.8792086896003592,0.0,593.4312727272727,864.9762082934226,733.8671705551906,658.9062563923532,808.8280847180279,611.094096875,807.8858901567575
2026-06-06,2026-06-06 01:09:28,MSFT,Microsoft Corporation,OK,SEC point-in-time,High,416.67,16.78,24.831347,67,63,22.31206935670243,27.41190410795666,24.793433543617763,24.763690403529576,1.1834519993717625,23.220138120382856,26.509443692224632,0.0320363279646024,0.5238095238095238,374.3965238054668,459.9717509315128,416.0338148619061,396.1754903124479,435.8921394113642,389.63391766002434,444.8284651555294,124,22.31206935670243,34.99430931818434,27.431897156156715,25.358349655179996,4.118216138579381,23.55171914544979,34.32453746985575,-0.6314749077385238,0.3064516129032258,374.3965238054668,587.2045103591333,460.3072342803097,391.2035674749477,529.4109010856718,395.1978472606475,575.9657387441795
2026-06-06,2026-06-06 01:09:28,NFLX,"Netflix, Inc.",OK,SEC point-in-time,High,82.18,3.1,26.509678,67,28,35.93675816954359,42.60474344487245,38.4160078965224,37.71936770955563,1.9172483921907384,36.419762471918986,41.14466490010498,-6.210113381770872,0.0,111.40395032558511,132.0747046791046,119.08962447921942,113.14615446342816,125.0330944950107,112.90126366294886,127.54846119032544,89,3.48955726464191,42.60474344487245,24.660892909577463,32.4901173708467,15.578376861400418,3.779782746967516,39.10988125405291,0.1186763619131202,0.348314606741573,10.817627520389925,132.0747046791046,76.44876801969015,28.15579974934885,124.74173629003144,11.7173265155993,121.24063188756402
2026-06-06,2026-06-06 01:09:28,NVDA,NVIDIA Corporation,OK,SEC point-in-time,High,205.1,6.52,31.457056,65,63,31.408883017383705,48.11020520268654,38.44283030141145,37.39183698381696,4.176171651630198,33.07748885103608,44.66816368881537,-1.6727699156437932,0.0158730158730158,204.7859172733417,313.6785379215162,250.64725356520265,223.41861439657373,277.8758927338315,215.6652273087552,291.2364272510762,71,31.408883017383705,48.11020520268654,38.32041307606468,37.37551007952008,3.962872125009824,33.48545232191567,44.20612257354113,-1.7319148485134777,0.0140845070422535,204.7859172733417,313.6785379215162,249.84909325594165,224.0111670008776,275.6870195110057,218.32514913889017,288.2239191794881
2026-06-09,2026-06-09 03:47:43,AAPL,Apple Inc.,OK,SEC point-in-time,High,301.54,8.26,36.506054,67,62,31.218987959849684,38.15980777324834,34.299143165286345,34.20253319076345,2.086475296404038,31.836076567444625,37.381477633053684,1.0577220053921472,0.7903225806451613,257.8688405483584,315.20001220703125,283.3109225452652,266.07663659696783,300.54520849356254,262.9659924470926,308.7710052490234,122,31.218987959849684,38.15980777324834,34.49176155124631,34.42623029342849,1.7773003761606774,32.130885256996635,36.91245386750294,1.133343848778651,0.8114754098360656,257.8688405483584,315.20001220703125,284.9019504132945,270.2214493062074,299.5824515203817,265.4011122227922,304.8968689455743
2026-06-09,2026-06-09 03:47:43,AMD,"Advanced Micro Devices, Inc.",OK,SEC point-in-time,High,490.33,2.99,163.98996,63,62,72.9773582602447,177.87541623975412,117.06321434116228,118.59244868440449,34.08285792004858,75.99849139519458,164.93607017642162,1.3768430384834003,0.8870967741935484,218.20230119813166,531.8474945568648,350.01901088007526,248.11126569912997,451.9267560610205,227.2354892716318,493.15884982750066,122,72.05660262197819,177.87541623975412,107.22285516039335,105.09538157144237,29.098034986421503,75.51811131891215,149.0626240714652,1.9508913528386649,0.9426229508196722,215.4492418397148,531.8474945568648,320.5963369295761,233.5932123201758,407.59946153897647,225.79915284354735,445.69724597368094
2026-06-09,2026-06-09 03:47:43,AMZN,"Amazon.com, Inc.",OK,SEC point-in-time,High,245.22,7.75,31.64129,67,62,27.801952069440812,36.818687619857045,31.70656586892432,31.719497972698306,2.3646551645921745,29.054254295104386,34.936540888276895,-0.02760481523976249,0.45161290322580644,215.46512853816628,285.3448290538921,245.72588548416346,227.39980795857412,264.05196300975285,225.170470787059,270.75819188414596,122,27.72524313614126,36.818687619857045,31.678734044100803,31.955927718189372,2.2684511724959013,28.947418936459425,34.72357096864921,-0.01650643600126667,0.4426229508196721,214.87063430509477,285.3448290538921,245.51018884178123,227.929692254938,263.0906854286245,224.34249675756055,269.1076750070314
2026-06-09,2026-06-09 03:47:43,AVGO,Broadcom Inc.,OK,SEC point-in-time,High,396.6,6.03,65.77114,33,62,57.19493248774063,93.87329577470153,75.04499179120712,78.71540210865163,9.781241462981987,61.29473531920079,83.49376061274063,-0.9481262502622875,0.2903225806451613,344.88544290107603,566.0559735214503,452.52130050097895,393.54041447919764,511.5021865227603,369.6072539747808,503.467376494826,117,57.19493248774063,93.87329577470153,72.7656934765568,71.85744439530923,7.673032529667959,62.51890781097711,82.39649127566095,-0.9115761531717999,0.17094017094017094,344.88544290107603,566.0559735214503,438.77713166363753,392.50874550973975,485.04551781753537,376.989014100192,496.85084239223556
2026-06-09,2026-06-09 03:47:43,GOOG,Alphabet Inc.,OK,SEC point-in-time,High,361.17,13.11,27.5492,37,62,25.267346405960915,32.24051702254134,29.033273340000296,29.218705979642895,1.6238802699179036,27.141350019441862,31.22081491927324,-0.9139056416242591,0.1774193548387097,331.25491138214755,422.67317816551696,380.62621348740385,359.3371431487801,401.9152838260276,355.8230987548828,409.3048835916722,122,25.267346405960915,34.04738340537852,29.835046902827568,29.463906104506975,1.9332087966342262,27.599351514168738,32.65449124757065,-1.1824107705320273,0.09016393442622951,331.25491138214755,446.36119644451236,391.1374648960694,365.7930975721947,416.48183221994407,361.82749835075214,428.10038025565115
2026-06-09,2026-06-09 03:47:43,META,"Meta Platforms, Inc.",OK,SEC point-in-time,High,585.39,27.51,21.279171,55,62,21.286909623579547,29.312472873263886,24.663469540960403,24.37526659033764,2.6033209928558145,21.934400079900566,28.57799154893039,-1.299992797756324,0.0,585.6028837446734,806.3861287434895,678.4920470718207,606.8746865583573,750.1094075852842,603.4153461980646,786.1805475110751,122,21.286909623579547,31.430821522290067,26.561788687307875,27.526797717682623,2.759774229104261,22.191818403764206,29.310809288328993,-1.914148495046441,0.0,585.6028837446734,864.6619000781998,730.7148067878396,654.7934177451815,806.6361958304979,610.4969242875534,806.3403635219306
2026-06-09,2026-06-09 03:47:43,MSFT,Microsoft Corporation,OK,SEC point-in-time,High,411.74,16.8,24.508333,67,62,22.31206935670243,27.41190410795666,24.766365446258458,24.723429295180214,1.1864953570093062,23.212320734516688,26.518011516597287,-0.21747446775422477,0.3870967741935484,374.84276519260084,460.5199890136719,416.0749394971421,396.14181749938575,436.00806149489847,389.96698833988034,445.50259347883446,122,22.31206935670243,34.70981429684721,27.230402467666494,25.304878048780488,3.996590461513518,23.45741009548204,34.082859088143444,-0.6810979243131255,0.21311475409836064,374.84276519260084,583.1248801870332,457.4707614567971,390.32804170337005,524.6134812102242,394.0844896040983,572.5920326808099
2026-06-09,2026-06-09 03:47:43,NFLX,"Netflix, Inc.",OK,SEC point-in-time,High,82.64,3.1,26.658066,67,26,35.93675816954359,42.60474344487245,38.40270594790844,37.65019654285294,1.9903220961602428,36.38339890792905,41.391304830317424,-5.900874019620422,0.0,111.40395032558513,132.0747046791046,119.04838843851616,112.87838994041941,125.2183869366129,112.78853661458005,128.313044973984,86,3.4895572646419106,42.60474344487245,25.382141442577296,32.59090830686063,15.350467123509002,3.777151179492922,39.12055275656958,0.08311959155097284,0.32558139534883723,10.817627520389923,132.0747046791046,78.68463847198962,31.098190389111714,126.27108655486752,11.709168656428059,121.27371354536571
2026-06-09,2026-06-09 03:47:43,NVDA,NVIDIA Corporation,OK,SEC point-in-time,High,208.64,6.53,31.950994,65,62,31.408883017383705,48.11020520268654,38.368800503315626,37.38367353166852,4.2872421524777025,32.91071986713963,44.72591882822464,-1.4969545164615012,0.016129032258064516,205.1000061035156,314.1596399735431,250.54826728665105,222.55257603097164,278.5439585423305,214.9070007324218,292.06024994830693,72,31.408883017383705,48.11020520268654,38.231948940457535,37.365305375079714,4.00582481027654,33.026493417176134,44.17734698860012,-1.567955474324383,0.013888888888888888,205.1000061035156,314.1596399735431,249.6546265811877,223.49659057008188,275.8126625922935,215.66300201416016,288.4780758355588
